# cnitro_winprob wire v1, replay code v10
players	8
trump	S
fool	5
engine	handwritten
worlds	40	8
playouts	11472
elapsed_ms	193
name	0	ALEX
name	1	%Miami 1
name	2	%New York 1
name	3	%Seoul 1
name	4	%Madrid 1
name	5	%Vienna 1
name	6	%St. Petersburg 1
name	7	%Moscow 1
out	1	3
out	2	7
out	3	0
out	4	2
out	5	6
out	6	4
out	7	1
step	0	-1	-1	3	deal	6	6	6	6	6	6	6	6
wp	0	truth	0	250	2325	40
wp	0	belief	0	0	3250	8
wp	0	truth	1	6500	7500	40
wp	0	belief	1	1250	3750	8
wp	0	truth	2	0	1900	40
wp	0	belief	2	2500	5625	8
wp	0	truth	3	0	3300	40
wp	0	belief	3	0	4125	8
wp	0	truth	4	2500	6825	40
wp	0	belief	4	2500	5000	8
wp	0	truth	5	0	3625	40
wp	0	belief	5	1250	3375	8
wp	0	truth	6	750	6600	40
wp	0	belief	6	0	4750	8
wp	0	truth	7	0	3925	40
wp	0	belief	7	0	3000	8
step	1	0	3	3	attack 8D	6	6	6	5	6	6	6	6
wp	1	truth	0	0	4175	40
wp	1	belief	0	1250	3875	8
wp	1	truth	1	7000	7100	40
wp	1	belief	1	2500	5125	8
wp	1	truth	2	250	6100	40
wp	1	belief	2	1250	4625	8
wp	1	truth	3	250	1300	40
wp	1	belief	3	0	4000	8
wp	1	truth	4	500	4350	40
wp	1	belief	4	1250	5750	8
wp	1	truth	5	2000	6450	40
wp	1	belief	5	1250	4125	8
wp	1	truth	6	0	4600	40
wp	1	belief	6	1250	4375	8
wp	1	truth	7	0	1925	40
wp	1	belief	7	1250	4875	8
step	2	1	3	3	attack 8H	6	6	6	4	6	6	6	6
wp	2	truth	0	250	3175	40
wp	2	belief	0	0	2875	8
wp	2	truth	1	4000	6600	40
wp	2	belief	1	2500	4875	8
wp	2	truth	2	2250	4675	40
wp	2	belief	2	1250	5000	8
wp	2	truth	3	0	1575	40
wp	2	belief	3	0	3375	8
wp	2	truth	4	0	4950	40
wp	2	belief	4	2500	5875	8
wp	2	truth	5	2750	6075	40
wp	2	belief	5	0	3375	8
wp	2	truth	6	500	5875	40
wp	2	belief	6	3750	6500	8
wp	2	truth	7	250	3075	40
wp	2	belief	7	0	3500	8
step	3	2	4	3	cover QS*>8H	6	6	6	4	5	6	6	6
wp	3	truth	0	250	4225	40
wp	3	belief	0	2500	5000	8
wp	3	truth	1	1000	6025	40
wp	3	belief	1	0	4375	8
wp	3	truth	2	6000	6525	40
wp	3	belief	2	3750	5875	8
wp	3	truth	3	0	1000	40
wp	3	belief	3	1250	4000	8
wp	3	truth	4	2250	5250	40
wp	3	belief	4	1250	5750	8
wp	3	truth	5	0	5450	40
wp	3	belief	5	1250	4375	8
wp	3	truth	6	500	5500	40
wp	3	belief	6	0	3750	8
wp	3	truth	7	0	2025	40
wp	3	belief	7	1250	3625	8
step	4	3	4	3	cover QD>8D	6	6	6	4	4	6	6	6
wp	4	truth	0	500	4450	40
wp	4	belief	0	1250	5375	8
wp	4	truth	1	1250	6150	40
wp	4	belief	1	2500	6000	8
wp	4	truth	2	4000	5850	40
wp	4	belief	2	1250	5875	8
wp	4	truth	3	0	1000	40
wp	4	belief	3	1250	4500	8
wp	4	truth	4	4000	5875	40
wp	4	belief	4	3750	6000	8
wp	4	truth	5	0	5125	40
wp	4	belief	5	0	3750	8
wp	4	truth	6	250	5375	40
wp	4	belief	6	0	3500	8
wp	4	truth	7	0	2175	40
wp	4	belief	7	1250	3625	8
step	5	4	1	3	attack QC	6	5	6	4	4	6	6	6
wp	5	truth	0	0	4325	40
wp	5	belief	0	0	3375	8
wp	5	truth	1	3250	6825	40
wp	5	belief	1	1250	3625	8
wp	5	truth	2	500	3825	40
wp	5	belief	2	2500	5375	8
wp	5	truth	3	0	1000	40
wp	5	belief	3	0	4125	8
wp	5	truth	4	250	4900	40
wp	5	belief	4	2500	6375	8
wp	5	truth	5	0	5850	40
wp	5	belief	5	0	3000	8
wp	5	truth	6	6000	7200	40
wp	5	belief	6	0	4375	8
wp	5	truth	7	0	2075	40
wp	5	belief	7	0	2375	8
step	6	5	4	3	cover AC>QC	6	5	6	4	3	6	6	6
wp	6	truth	0	0	3625	40
wp	6	belief	0	0	3000	8
wp	6	truth	1	2000	6700	40
wp	6	belief	1	1250	4625	8
wp	6	truth	2	750	4800	40
wp	6	belief	2	0	4750	8
wp	6	truth	3	0	1000	40
wp	6	belief	3	0	4000	8
wp	6	truth	4	5750	7175	40
wp	6	belief	4	0	5125	8
wp	6	truth	5	0	3875	40
wp	6	belief	5	0	2625	8
wp	6	truth	6	250	5475	40
wp	6	belief	6	1250	4625	8
wp	6	truth	7	1250	3350	40
wp	6	belief	7	1250	4000	8
step	7	6	0	3	attack AH	5	5	6	4	3	6	6	6
wp	7	truth	0	0	4150	40
wp	7	belief	0	1250	4250	8
wp	7	truth	1	4750	7225	40
wp	7	belief	1	3750	5125	8
wp	7	truth	2	0	3675	40
wp	7	belief	2	2500	5875	8
wp	7	truth	3	0	1000	40
wp	7	belief	3	0	3750	8
wp	7	truth	4	3000	6300	40
wp	7	belief	4	1250	5750	8
wp	7	truth	5	1000	5275	40
wp	7	belief	5	1250	3875	8
wp	7	truth	6	1250	6375	40
wp	7	belief	6	2500	5375	8
wp	7	truth	7	0	2000	40
wp	7	belief	7	0	3750	8
step	8	7	4	0	pickup	6	6	6	6	10	6	6	6
wp	8	truth	0	0	3700	40
wp	8	belief	0	1250	3500	8
wp	8	truth	1	3500	6950	40
wp	8	belief	1	1250	3750	8
wp	8	truth	2	500	4950	40
wp	8	belief	2	3750	5750	8
wp	8	truth	3	0	1000	40
wp	8	belief	3	0	4125	8
wp	8	truth	4	3250	5750	40
wp	8	belief	4	1250	4875	8
wp	8	truth	5	250	5350	40
wp	8	belief	5	0	2000	8
wp	8	truth	6	2500	6175	40
wp	8	belief	6	1250	5000	8
wp	8	truth	7	0	2125	40
wp	8	belief	7	0	2875	8
step	9	8	5	0	attack 7S* 7C	6	6	6	6	10	4	6	6
wp	9	truth	0	1750	5875	40
wp	9	belief	0	0	2875	8
wp	9	truth	1	4750	7075	40
wp	9	belief	1	2500	5750	8
wp	9	truth	2	250	3500	40
wp	9	belief	2	1250	5625	8
wp	9	truth	3	0	1000	40
wp	9	belief	3	0	3125	8
wp	9	truth	4	1750	5025	40
wp	9	belief	4	1250	5375	8
wp	9	truth	5	0	4325	40
wp	9	belief	5	1250	3875	8
wp	9	truth	6	1500	5475	40
wp	9	belief	6	0	4500	8
wp	9	truth	7	0	3725	40
wp	9	belief	7	0	4125	8
step	10	9	7	0	attack 7H	6	6	6	6	10	4	6	5
wp	10	truth	0	0	3875	40
wp	10	belief	0	3750	4625	8
wp	10	truth	1	2750	6950	40
wp	10	belief	1	0	3500	8
wp	10	truth	2	0	2350	40
wp	10	belief	2	2500	5125	8
wp	10	truth	3	0	3125	40
wp	10	belief	3	1250	4375	8
wp	10	truth	4	7250	7150	40
wp	10	belief	4	1250	5875	8
wp	10	truth	5	0	5275	40
wp	10	belief	5	0	4250	8
wp	10	truth	6	0	6275	40
wp	10	belief	6	1250	5500	8
wp	10	truth	7	0	1000	40
wp	10	belief	7	1250	2500	8
step	11	10	1	0	attack 7D	6	5	6	6	10	4	6	5
wp	11	truth	0	0	4400	40
wp	11	belief	0	2500	4375	8
wp	11	truth	1	1750	5550	40
wp	11	belief	1	2500	5375	8
wp	11	truth	2	0	3375	40
wp	11	belief	2	1250	3875	8
wp	11	truth	3	2500	6975	40
wp	11	belief	3	1250	4250	8
wp	11	truth	4	5750	7350	40
wp	11	belief	4	0	6000	8
wp	11	truth	5	0	1000	40
wp	11	belief	5	0	3500	8
wp	11	truth	6	0	5350	40
wp	11	belief	6	0	5250	8
wp	11	truth	7	0	2000	40
wp	11	belief	7	0	2000	8
step	12	11	6	0	cover 9H>7H	6	5	6	6	10	4	5	5
wp	12	truth	0	0	5225	40
wp	12	belief	0	0	3500	8
wp	12	truth	1	3500	7350	40
wp	12	belief	1	2500	4875	8
wp	12	truth	2	5000	6775	40
wp	12	belief	2	0	3750	8
wp	12	truth	3	0	1000	40
wp	12	belief	3	0	5000	8
wp	12	truth	4	1500	6650	40
wp	12	belief	4	1250	5875	8
wp	12	truth	5	0	2000	40
wp	12	belief	5	0	3500	8
wp	12	truth	6	0	4000	40
wp	12	belief	6	3750	6125	8
wp	12	truth	7	0	3000	40
wp	12	belief	7	0	1125	8
step	13	12	6	0	cover KD>7D	6	5	6	6	10	4	4	5
wp	13	truth	0	0	3225	40
wp	13	belief	0	1250	4125	8
wp	13	truth	1	1250	5600	40
wp	13	belief	1	2500	4750	8
wp	13	truth	2	1750	6225	40
wp	13	belief	2	1250	5500	8
wp	13	truth	3	0	1000	40
wp	13	belief	3	0	2500	8
wp	13	truth	4	0	4275	40
wp	13	belief	4	1250	5750	8
wp	13	truth	5	2500	6600	40
wp	13	belief	5	0	4125	8
wp	13	truth	6	4500	7075	40
wp	13	belief	6	1250	5500	8
wp	13	truth	7	0	2000	40
wp	13	belief	7	0	2500	8
step	14	13	4	0	attack 9C	6	5	6	6	9	4	4	5
wp	14	truth	0	0	4750	40
wp	14	belief	0	2500	4250	8
wp	14	truth	1	7250	7575	40
wp	14	belief	1	2500	5500	8
wp	14	truth	2	0	4250	40
wp	14	belief	2	1250	4250	8
wp	14	truth	3	0	1000	40
wp	14	belief	3	0	2375	8
wp	14	truth	4	1500	6500	40
wp	14	belief	4	1250	4000	8
wp	14	truth	5	0	3600	40
wp	14	belief	5	0	3375	8
wp	14	truth	6	1250	6325	40
wp	14	belief	6	1250	6250	8
wp	14	truth	7	0	2000	40
wp	14	belief	7	0	2375	8
step	15	14	6	0	cover KS*>7S*	6	5	6	6	9	4	3	5
wp	15	truth	0	0	4000	40
wp	15	belief	0	0	3500	8
wp	15	truth	1	1500	6850	40
wp	15	belief	1	0	3250	8
wp	15	truth	2	750	3725	40
wp	15	belief	2	2500	4750	8
wp	15	truth	3	0	1000	40
wp	15	belief	3	0	4125	8
wp	15	truth	4	6250	7425	40
wp	15	belief	4	0	3875	8
wp	15	truth	5	0	4575	40
wp	15	belief	5	0	4375	8
wp	15	truth	6	1500	6425	40
wp	15	belief	6	1250	5000	8
wp	15	truth	7	0	2000	40
wp	15	belief	7	1250	2750	8
step	16	15	2	0	attack KC	6	5	5	6	9	4	3	5
wp	16	truth	0	0	4850	40
wp	16	belief	0	3750	5625	8
wp	16	truth	1	8000	7700	40
wp	16	belief	1	1250	4125	8
wp	16	truth	2	0	4050	40
wp	16	belief	2	1250	3500	8
wp	16	truth	3	0	1000	40
wp	16	belief	3	1250	4625	8
wp	16	truth	4	2000	6525	40
wp	16	belief	4	1250	5250	8
wp	16	truth	5	0	3575	40
wp	16	belief	5	0	3750	8
wp	16	truth	6	0	6300	40
wp	16	belief	6	1250	5750	8
wp	16	truth	7	0	2000	40
wp	16	belief	7	0	1625	8
step	17	16	6	0	pickup	6	5	5	6	9	4	12	5
wp	17	truth	0	1500	5975	40
wp	17	belief	0	1250	4250	8
wp	17	truth	1	2500	5700	40
wp	17	belief	1	1250	4625	8
wp	17	truth	2	0	3000	40
wp	17	belief	2	0	2625	8
wp	17	truth	3	0	1000	40
wp	17	belief	3	1250	4000	8
wp	17	truth	4	3750	6600	40
wp	17	belief	4	0	4250	8
wp	17	truth	5	0	5375	40
wp	17	belief	5	1250	5000	8
wp	17	truth	6	2250	6350	40
wp	17	belief	6	0	6000	8
wp	17	truth	7	0	2000	40
wp	17	belief	7	0	3125	8
step	18	17	7	0	attack 3H	6	5	5	6	9	4	12	4
wp	18	truth	0	750	5500	40
wp	18	belief	0	0	3375	8
wp	18	truth	1	2750	6050	40
wp	18	belief	1	2500	6250	8
wp	18	truth	2	0	3000	40
wp	18	belief	2	2500	4625	8
wp	18	truth	3	0	1000	40
wp	18	belief	3	0	2875	8
wp	18	truth	4	2500	6275	40
wp	18	belief	4	0	4750	8
wp	18	truth	5	250	5450	40
wp	18	belief	5	2500	3500	8
wp	18	truth	6	3750	6725	40
wp	18	belief	6	1250	5500	8
wp	18	truth	7	0	2000	40
wp	18	belief	7	1250	2625	8
step	19	18	3	0	attack 3D 3C	6	5	5	4	9	4	12	4
wp	19	truth	0	250	5675	40
wp	19	belief	0	0	2500	8
wp	19	truth	1	3250	5950	40
wp	19	belief	1	1250	5375	8
wp	19	truth	2	0	3000	40
wp	19	belief	2	0	4750	8
wp	19	truth	3	0	1000	40
wp	19	belief	3	0	3500	8
wp	19	truth	4	4250	6725	40
wp	19	belief	4	5000	6375	8
wp	19	truth	5	250	5350	40
wp	19	belief	5	1250	3500	8
wp	19	truth	6	2000	6300	40
wp	19	belief	6	0	5500	8
wp	19	truth	7	0	2000	40
wp	19	belief	7	0	2875	8
step	20	19	0	0	pass 3S*	5	5	5	4	9	4	12	4
wp	20	truth	0	3500	5525	40
wp	20	belief	0	0	2875	8
wp	20	truth	1	4750	7425	40
wp	20	belief	1	0	6500	8
wp	20	truth	2	0	3550	40
wp	20	belief	2	0	4250	8
wp	20	truth	3	0	1000	40
wp	20	belief	3	0	3000	8
wp	20	truth	4	1750	6100	40
wp	20	belief	4	2500	5875	8
wp	20	truth	5	0	4800	40
wp	20	belief	5	0	3875	8
wp	20	truth	6	0	5600	40
wp	20	belief	6	1250	5500	8
wp	20	truth	7	0	2000	40
wp	20	belief	7	0	2000	8
step	21	20	1	0	cover 5S*>3C	5	4	5	4	9	4	12	4
wp	21	truth	0	0	4000	40
wp	21	belief	0	0	3125	8
wp	21	truth	1	9250	7850	40
wp	21	belief	1	3750	6000	8
wp	21	truth	2	0	7000	40
wp	21	belief	2	0	3000	8
wp	21	truth	3	0	1000	40
wp	21	belief	3	0	1625	8
wp	21	truth	4	750	6025	40
wp	21	belief	4	3750	6375	8
wp	21	truth	5	0	2000	40
wp	21	belief	5	1250	4125	8
wp	21	truth	6	0	5125	40
wp	21	belief	6	1250	5625	8
wp	21	truth	7	0	3000	40
wp	21	belief	7	0	2500	8
step	22	21	2	0	attack 5H	5	4	4	4	9	4	12	4
wp	22	truth	0	0	1700	40
wp	22	belief	0	0	3250	8
wp	22	truth	1	1500	6725	40
wp	22	belief	1	5000	6500	8
wp	22	truth	2	0	2700	40
wp	22	belief	2	0	2875	8
wp	22	truth	3	0	3750	40
wp	22	belief	3	1250	2875	8
wp	22	truth	4	4250	7375	40
wp	22	belief	4	3750	6250	8
wp	22	truth	5	0	4350	40
wp	22	belief	5	0	4375	8
wp	22	truth	6	4250	6875	40
wp	22	belief	6	2500	6625	8
wp	22	truth	7	0	2525	40
wp	22	belief	7	0	1750	8
step	23	22	1	0	pickup	5	10	4	4	9	4	12	4
wp	23	truth	0	0	4100	40
wp	23	belief	0	0	2875	8
wp	23	truth	1	5500	7325	40
wp	23	belief	1	2500	5750	8
wp	23	truth	2	0	3750	40
wp	23	belief	2	1250	3875	8
wp	23	truth	3	0	1550	40
wp	23	belief	3	0	2000	8
wp	23	truth	4	1250	6400	40
wp	23	belief	4	5000	6375	8
wp	23	truth	5	0	2150	40
wp	23	belief	5	2500	6125	8
wp	23	truth	6	250	3725	40
wp	23	belief	6	2500	5875	8
wp	23	truth	7	3000	7000	40
wp	23	belief	7	0	1875	8
step	24	23	2	0	attack 2D	5	10	3	4	9	4	12	4
wp	24	truth	0	0	4225	40
wp	24	belief	0	0	3000	8
wp	24	truth	1	5250	7300	40
wp	24	belief	1	6250	7500	8
wp	24	truth	2	0	3475	40
wp	24	belief	2	0	2500	8
wp	24	truth	3	0	1475	40
wp	24	belief	3	0	3875	8
wp	24	truth	4	2250	6525	40
wp	24	belief	4	0	6375	8
wp	24	truth	5	0	2325	40
wp	24	belief	5	1250	4500	8
wp	24	truth	6	0	3700	40
wp	24	belief	6	1250	5000	8
wp	24	truth	7	2500	6975	40
wp	24	belief	7	0	1500	8
step	25	24	0	0	attack 2H	4	10	3	4	9	4	12	4
wp	25	truth	0	0	1550	40
wp	25	belief	0	0	2250	8
wp	25	truth	1	750	7025	40
wp	25	belief	1	5000	7250	8
wp	25	truth	2	0	2425	40
wp	25	belief	2	0	3500	8
wp	25	truth	3	0	3075	40
wp	25	belief	3	0	3375	8
wp	25	truth	4	8500	7775	40
wp	25	belief	4	5000	5875	8
wp	25	truth	5	0	3225	40
wp	25	belief	5	1250	5125	8
wp	25	truth	6	500	5800	40
wp	25	belief	6	2500	5500	8
wp	25	truth	7	250	5125	40
wp	25	belief	7	0	1625	8
step	26	25	3	0	cover JD>2D	4	10	3	3	9	4	12	4
wp	26	truth	0	0	3300	40
wp	26	belief	0	0	2125	8
wp	26	truth	1	2500	7250	40
wp	26	belief	1	6250	7500	8
wp	26	truth	2	0	3725	40
wp	26	belief	2	0	2750	8
wp	26	truth	3	0	1000	40
wp	26	belief	3	0	1000	8
wp	26	truth	4	7000	7625	40
wp	26	belief	4	2500	4750	8
wp	26	truth	5	500	5200	40
wp	26	belief	5	2500	5875	8
wp	26	truth	6	0	5900	40
wp	26	belief	6	1250	5750	8
wp	26	truth	7	0	2000	40
wp	26	belief	7	0	1500	8
step	27	26	1	0	attack 2C	4	9	3	3	9	4	12	4
wp	27	truth	0	0	3275	40
wp	27	belief	0	0	1875	8
wp	27	truth	1	6500	7525	40
wp	27	belief	1	1250	6875	8
wp	27	truth	2	0	3725	40
wp	27	belief	2	0	2500	8
wp	27	truth	3	0	1000	40
wp	27	belief	3	0	1000	8
wp	27	truth	4	2750	6800	40
wp	27	belief	4	1250	5000	8
wp	27	truth	5	250	5950	40
wp	27	belief	5	0	5500	8
wp	27	truth	6	500	5725	40
wp	27	belief	6	0	5000	8
wp	27	truth	7	0	2000	40
wp	27	belief	7	0	1375	8
step	28	27	3	0	cover 6H>2H	4	9	3	2	9	4	12	4
wp	28	truth	0	0	3050	40
wp	28	belief	0	0	2500	8
wp	28	truth	1	7750	7775	40
wp	28	belief	1	6250	7000	8
wp	28	truth	2	500	4675	40
wp	28	belief	2	0	1875	8
wp	28	truth	3	0	1000	40
wp	28	belief	3	0	1000	8
wp	28	truth	4	1500	6525	40
wp	28	belief	4	0	4625	8
wp	28	truth	5	0	5200	40
wp	28	belief	5	0	4500	8
wp	28	truth	6	250	5775	40
wp	28	belief	6	1250	6625	8
wp	28	truth	7	0	2000	40
wp	28	belief	7	0	1375	8
step	29	28	5	0	attack 6C	4	9	3	2	9	3	12	4
wp	29	truth	0	0	3075	40
wp	29	belief	0	1250	3000	8
wp	29	truth	1	7750	7775	40
wp	29	belief	1	0	5500	8
wp	29	truth	2	0	4375	40
wp	29	belief	2	0	2375	8
wp	29	truth	3	0	1000	40
wp	29	belief	3	0	1000	8
wp	29	truth	4	2250	6775	40
wp	29	belief	4	1250	4625	8
wp	29	truth	5	0	5100	40
wp	29	belief	5	0	5750	8
wp	29	truth	6	0	5900	40
wp	29	belief	6	2500	5500	8
wp	29	truth	7	0	2000	40
wp	29	belief	7	0	1375	8
step	30	29	3	0	cover 2S*>2C	4	9	3	1	9	3	12	4
wp	30	truth	0	0	3100	40
wp	30	belief	0	0	2875	8
wp	30	truth	1	7250	7675	40
wp	30	belief	1	1250	6125	8
wp	30	truth	2	0	3900	40
wp	30	belief	2	0	3000	8
wp	30	truth	3	0	1000	40
wp	30	belief	3	0	1000	8
wp	30	truth	4	2750	7025	40
wp	30	belief	4	2500	5625	8
wp	30	truth	5	0	5650	40
wp	30	belief	5	0	4375	8
wp	30	truth	6	0	5650	40
wp	30	belief	6	0	5750	8
wp	30	truth	7	0	2000	40
wp	30	belief	7	0	1375	8
step	31	30	3	0	cover JS*>6C	4	9	3	-1	9	3	12	4
wp	31	truth	0	0	3175	40
wp	31	belief	0	0	2875	8
wp	31	truth	1	1500	6925	40
wp	31	belief	1	7500	7500	8
wp	31	truth	2	0	3875	40
wp	31	belief	2	1250	3000	8
wp	31	truth	3	0	1000	40
wp	31	truth	4	7000	7350	40
wp	31	belief	4	1250	5125	8
wp	31	truth	5	1500	6025	40
wp	31	belief	5	3750	6750	8
wp	31	truth	6	0	5650	40
wp	31	belief	6	2500	6500	8
wp	31	truth	7	0	2000	40
wp	31	belief	7	0	2250	8
step	32	31	4	0	attack QD	4	9	3	-1	8	3	12	4
wp	32	truth	0	0	3350	40
wp	32	belief	0	0	2875	8
wp	32	truth	1	5500	7550	40
wp	32	belief	1	3750	6750	8
wp	32	truth	2	0	3700	40
wp	32	belief	2	0	3000	8
wp	32	truth	3	0	1000	40
wp	32	truth	4	4000	7000	40
wp	32	belief	4	1250	5875	8
wp	32	truth	5	500	5625	40
wp	32	belief	5	0	5500	8
wp	32	truth	6	0	5775	40
wp	32	belief	6	1250	5625	8
wp	32	truth	7	0	2000	40
wp	32	belief	7	0	2250	8
step	33	32	5	0	cover 6S*>QD	4	9	3	-1	8	2	12	4
wp	33	truth	0	0	3150	40
wp	33	belief	0	0	2750	8
wp	33	truth	1	7750	7775	40
wp	33	belief	1	2500	6250	8
wp	33	truth	2	0	3850	40
wp	33	belief	2	0	4500	8
wp	33	truth	3	0	1000	40
wp	33	truth	4	2250	5875	40
wp	33	belief	4	0	4875	8
wp	33	truth	5	0	5650	40
wp	33	belief	5	0	5125	8
wp	33	truth	6	0	6700	40
wp	33	belief	6	1250	4875	8
wp	33	truth	7	0	2000	40
wp	33	belief	7	0	2250	8
step	34	33	4	0	attack QH QS*	4	9	3	-1	6	2	12	4
wp	34	truth	0	0	3200	40
wp	34	belief	0	0	2375	8
wp	34	truth	1	1500	7150	40
wp	34	belief	1	5000	7250	8
wp	34	truth	2	0	3800	40
wp	34	belief	2	0	2750	8
wp	34	truth	3	0	1000	40
wp	34	truth	4	8500	7850	40
wp	34	belief	4	5000	6250	8
wp	34	truth	5	0	5275	40
wp	34	belief	5	1250	5750	8
wp	34	truth	6	0	5725	40
wp	34	belief	6	0	4625	8
wp	34	truth	7	0	2000	40
wp	34	belief	7	0	2000	8
step	35	34	5	0	pickup	4	9	3	-1	6	6	12	4
wp	35	truth	0	0	3750	40
wp	35	belief	0	0	3000	8
wp	35	truth	1	500	6650	40
wp	35	belief	1	3750	6500	8
wp	35	truth	2	0	3250	40
wp	35	belief	2	0	2750	8
wp	35	truth	3	0	1000	40
wp	35	truth	4	8750	7850	40
wp	35	belief	4	1250	5000	8
wp	35	truth	5	500	6050	40
wp	35	belief	5	0	5625	8
wp	35	truth	6	250	5450	40
wp	35	belief	6	1250	5875	8
wp	35	truth	7	0	2000	40
wp	35	belief	7	0	2000	8
step	36	35	6	0	attack 7S* 7C 7H	4	9	3	-1	6	6	9	4
wp	36	truth	0	0	3000	40
wp	36	belief	0	0	2750	8
wp	36	truth	1	4000	7375	40
wp	36	belief	1	3750	7125	8
wp	36	truth	2	0	4000	40
wp	36	belief	2	0	3625	8
wp	36	truth	3	0	1000	40
wp	36	truth	4	6000	7600	40
wp	36	belief	4	2500	5500	8
wp	36	truth	5	0	5725	40
wp	36	belief	5	0	5125	8
wp	36	truth	6	0	5300	40
wp	36	belief	6	0	4250	8
wp	36	truth	7	0	2000	40
wp	36	belief	7	0	2000	8
step	37	36	6	0	attack 7D	4	9	3	-1	6	6	8	4
wp	37	truth	0	0	3000	40
wp	37	belief	0	0	2625	8
wp	37	truth	1	7000	7525	40
wp	37	belief	1	3750	6625	8
wp	37	truth	2	0	6075	40
wp	37	belief	2	1250	3000	8
wp	37	truth	3	0	1000	40
wp	37	truth	4	2500	6025	40
wp	37	belief	4	1250	5250	8
wp	37	truth	5	500	5500	40
wp	37	belief	5	0	5250	8
wp	37	truth	6	0	4875	40
wp	37	belief	6	1250	4750	8
wp	37	truth	7	0	2000	40
wp	37	belief	7	0	2000	8
step	38	37	7	0	cover 8C>7C	4	9	3	-1	6	6	8	3
wp	38	truth	0	0	3000	40
wp	38	belief	0	0	2500	8
wp	38	truth	1	2500	7200	40
wp	38	belief	1	1250	6250	8
wp	38	truth	2	0	4000	40
wp	38	belief	2	1250	3375	8
wp	38	truth	3	0	1000	40
wp	38	truth	4	7500	7750	40
wp	38	belief	4	0	5250	8
wp	38	truth	5	0	5850	40
wp	38	belief	5	0	5375	8
wp	38	truth	6	0	5200	40
wp	38	belief	6	2500	5500	8
wp	38	truth	7	0	2000	40
wp	38	belief	7	0	2000	8
step	39	38	7	0	cover 9D>7D	4	9	3	-1	6	6	8	2
wp	39	truth	0	0	4050	40
wp	39	belief	0	0	2875	8
wp	39	truth	1	6000	7475	40
wp	39	belief	1	6250	7250	8
wp	39	truth	2	0	3000	40
wp	39	belief	2	2500	5250	8
wp	39	truth	3	0	1000	40
wp	39	truth	4	4000	7400	40
wp	39	belief	4	1250	5500	8
wp	39	truth	5	0	5050	40
wp	39	belief	5	0	4875	8
wp	39	truth	6	0	6025	40
wp	39	belief	6	0	4750	8
wp	39	truth	7	0	2000	40
wp	39	belief	7	0	2000	8
step	40	39	7	0	cover 8S*>7S*	4	9	3	-1	6	6	8	1
wp	40	truth	0	0	4050	40
wp	40	belief	0	0	2500	8
wp	40	truth	1	4250	7225	40
wp	40	belief	1	2500	7125	8
wp	40	truth	2	0	3000	40
wp	40	belief	2	0	3250	8
wp	40	truth	3	0	1000	40
wp	40	truth	4	5750	7575	40
wp	40	belief	4	2500	6000	8
wp	40	truth	5	0	5075	40
wp	40	belief	5	0	4625	8
wp	40	truth	6	0	6075	40
wp	40	belief	6	2500	5250	8
wp	40	truth	7	0	2000	40
wp	40	belief	7	0	2000	8
step	41	40	7	0	cover 9S*>7H	4	9	3	-1	6	6	8	-1
wp	41	truth	0	0	3050	40
wp	41	belief	0	0	3500	8
wp	41	truth	1	5250	7500	40
wp	41	belief	1	2500	6500	8
wp	41	truth	2	0	3950	40
wp	41	belief	2	0	4000	8
wp	41	truth	3	0	1000	40
wp	41	truth	4	4750	7475	40
wp	41	belief	4	3750	6000	8
wp	41	truth	5	0	5250	40
wp	41	belief	5	2500	5875	8
wp	41	truth	6	0	5775	40
wp	41	belief	6	0	5125	8
wp	41	truth	7	0	2000	40
step	42	41	0	0	attack 10S* 10D	2	9	3	-1	6	6	8	-1
wp	42	truth	0	0	3000	40
wp	42	belief	0	0	3125	8
wp	42	truth	1	9250	7775	40
wp	42	belief	1	1250	6500	8
wp	42	truth	2	0	6675	40
wp	42	belief	2	0	3875	8
wp	42	truth	3	0	1000	40
wp	42	truth	4	0	5275	40
wp	42	belief	4	3750	7125	8
wp	42	truth	5	750	5800	40
wp	42	belief	5	0	5500	8
wp	42	truth	6	0	4475	40
wp	42	belief	6	0	4875	8
wp	42	truth	7	0	2000	40
step	43	42	6	0	attack 10H	2	9	3	-1	6	6	7	-1
wp	43	truth	0	0	3000	40
wp	43	belief	0	0	3250	8
wp	43	truth	1	8000	7800	40
wp	43	belief	1	2500	7000	8
wp	43	truth	2	250	6550	40
wp	43	belief	2	0	5000	8
wp	43	truth	3	0	1000	40
wp	43	truth	4	1750	5850	40
wp	43	belief	4	1250	5875	8
wp	43	truth	5	0	5300	40
wp	43	belief	5	1250	5375	8
wp	43	truth	6	0	4500	40
wp	43	belief	6	1250	5125	8
wp	43	truth	7	0	2000	40
step	44	43	1	0	cover 5S*>10H	2	8	3	-1	6	6	7	-1
wp	44	truth	0	0	4200	40
wp	44	belief	0	0	3500	8
wp	44	truth	1	5000	7225	40
wp	44	belief	1	3750	7125	8
wp	44	truth	2	0	3000	40
wp	44	belief	2	0	3000	8
wp	44	truth	3	0	1000	40
wp	44	truth	4	4250	7425	40
wp	44	belief	4	1250	5875	8
wp	44	truth	5	0	4800	40
wp	44	belief	5	0	5125	8
wp	44	truth	6	750	6350	40
wp	44	belief	6	0	4250	8
wp	44	truth	7	0	2000	40
step	45	44	1	0	pickup	2	12	3	-1	6	6	7	-1
wp	45	truth	0	0	3000	40
wp	45	belief	0	0	3250	8
wp	45	truth	1	8750	7775	40
wp	45	belief	1	4286	7286	8
wp	45	truth	2	1250	7025	40
wp	45	belief	2	0	4125	8
wp	45	truth	3	0	1000	40
wp	45	truth	4	0	5275	40
wp	45	belief	4	5000	6625	8
wp	45	truth	5	0	5775	40
wp	45	belief	5	2500	5750	8
wp	45	truth	6	0	4150	40
wp	45	belief	6	0	4750	8
wp	45	truth	7	0	2000	40
step	46	45	2	0	attack 5D	2	12	2	-1	6	6	7	-1
wp	46	truth	0	0	3000	40
wp	46	belief	0	0	3500	8
wp	46	truth	1	9000	7800	40
wp	46	belief	1	5000	7125	8
wp	46	truth	2	1000	7100	40
wp	46	belief	2	0	4571	8
wp	46	truth	3	0	1000	40
wp	46	truth	4	0	5200	40
wp	46	belief	4	2500	6875	8
wp	46	truth	5	0	5800	40
wp	46	belief	5	1250	5000	8
wp	46	truth	6	0	4100	40
wp	46	belief	6	1250	4875	8
wp	46	truth	7	0	2000	40
step	47	46	1	0	attack 5H 5S*	2	10	2	-1	6	6	7	-1
wp	47	truth	0	0	3000	40
wp	47	belief	0	0	3875	8
wp	47	truth	1	9000	7850	40
wp	47	belief	1	3750	6750	8
wp	47	truth	2	250	6400	40
wp	47	belief	2	0	3875	8
wp	47	truth	3	0	1000	40
wp	47	truth	4	250	5075	40
wp	47	belief	4	6250	7250	8
wp	47	truth	5	500	6650	40
wp	47	belief	5	2500	6000	8
wp	47	truth	6	0	4025	40
wp	47	belief	6	0	4125	8
wp	47	truth	7	0	2000	40
step	48	47	4	0	cover 8H>5H	2	10	2	-1	5	6	7	-1
wp	48	truth	0	0	3000	40
wp	48	belief	0	0	4250	8
wp	48	truth	1	10000	8000	40
wp	48	belief	1	3750	7000	8
wp	48	truth	2	0	7000	40
wp	48	belief	2	0	4375	8
wp	48	truth	3	0	1000	40
wp	48	truth	4	0	5000	40
wp	48	belief	4	2500	6125	8
wp	48	truth	5	0	6000	40
wp	48	belief	5	2500	5875	8
wp	48	truth	6	0	4000	40
wp	48	belief	6	0	4375	8
wp	48	truth	7	0	2000	40
step	49	48	4	0	cover 8D>5D	2	10	2	-1	4	6	7	-1
wp	49	truth	0	0	3000	40
wp	49	belief	0	0	3625	8
wp	49	truth	1	9750	7950	40
wp	49	belief	1	5000	7125	8
wp	49	truth	2	0	7000	40
wp	49	belief	2	0	4125	8
wp	49	truth	3	0	1000	40
wp	49	truth	4	0	4975	40
wp	49	belief	4	3750	6500	8
wp	49	truth	5	250	6050	40
wp	49	belief	5	2500	6000	8
wp	49	truth	6	0	4025	40
wp	49	belief	6	0	3625	8
wp	49	truth	7	0	2000	40
step	50	49	4	0	pickup	2	10	2	-1	9	6	7	-1
wp	50	truth	0	0	3000	40
wp	50	belief	0	0	3500	8
wp	50	truth	1	10000	8000	40
wp	50	belief	1	3750	6625	8
wp	50	truth	2	0	7000	40
wp	50	belief	2	0	3875	8
wp	50	truth	3	0	1000	40
wp	50	truth	4	0	5000	40
wp	50	belief	4	2500	6625	8
wp	50	truth	5	0	6000	40
wp	50	belief	5	2500	6750	8
wp	50	truth	6	0	4000	40
wp	50	belief	6	0	4125	8
wp	50	truth	7	0	2000	40
step	51	50	5	0	attack 6D 6S*	2	10	2	-1	9	4	7	-1
wp	51	truth	0	0	3000	40
wp	51	belief	0	0	3625	8
wp	51	truth	1	1750	7125	40
wp	51	belief	1	5000	7125	8
wp	51	truth	2	0	4000	40
wp	51	belief	2	0	3875	8
wp	51	truth	3	0	1000	40
wp	51	truth	4	7750	7775	40
wp	51	belief	4	1250	6375	8
wp	51	truth	5	0	5000	40
wp	51	belief	5	0	5125	8
wp	51	truth	6	500	6100	40
wp	51	belief	6	0	4500	8
wp	51	truth	7	0	2000	40
step	52	51	6	0	cover KD>6D	2	10	2	-1	9	4	6	-1
wp	52	truth	0	0	3000	40
wp	52	belief	0	0	3500	8
wp	52	truth	1	250	7025	40
wp	52	belief	1	3750	7000	8
wp	52	truth	2	0	4000	40
wp	52	belief	2	1250	4375	8
wp	52	truth	3	0	1000	40
wp	52	truth	4	9750	7975	40
wp	52	belief	4	3750	6625	8
wp	52	truth	5	0	5000	40
wp	52	belief	5	0	5250	8
wp	52	truth	6	0	6000	40
wp	52	belief	6	0	4875	8
wp	52	truth	7	0	2000	40
step	53	52	6	0	cover KS*>6S*	2	10	2	-1	9	4	5	-1
wp	53	truth	0	0	3000	40
wp	53	belief	0	0	4000	8
wp	53	truth	1	0	6250	40
wp	53	belief	1	5000	7375	8
wp	53	truth	2	0	4000	40
wp	53	belief	2	0	4500	8
wp	53	truth	3	0	1000	40
wp	53	truth	4	2000	7150	40
wp	53	belief	4	8750	7625	8
wp	53	truth	5	0	5000	40
wp	53	belief	5	0	4750	8
wp	53	truth	6	8000	7600	40
wp	53	belief	6	0	4625	8
wp	53	truth	7	0	2000	40
step	54	53	-1	0	round end	2	10	2	-1	9	4	5	-1
wp	54	truth	0	0	3000	40
wp	54	belief	0	0	3250	8
wp	54	truth	1	250	6400	40
wp	54	belief	1	5000	6500	8
wp	54	truth	2	0	4000	40
wp	54	belief	2	0	5250	8
wp	54	truth	3	0	1000	40
wp	54	truth	4	2000	7050	40
wp	54	belief	4	5000	7125	8
wp	54	truth	5	0	5000	40
wp	54	belief	5	0	5250	8
wp	54	truth	6	7750	7550	40
wp	54	belief	6	0	4375	8
wp	54	truth	7	0	2000	40
step	55	54	6	0	attack 9H 9C	2	10	2	-1	9	4	3	-1
wp	55	truth	0	0	3000	40
wp	55	belief	0	0	3000	8
wp	55	truth	1	500	6375	40
wp	55	belief	1	3750	6625	8
wp	55	truth	2	0	4000	40
wp	55	belief	2	0	4750	8
wp	55	truth	3	0	1000	40
wp	55	truth	4	2250	7175	40
wp	55	belief	4	1250	6375	8
wp	55	truth	5	0	5000	40
wp	55	belief	5	0	5625	8
wp	55	truth	6	7250	7450	40
wp	55	belief	6	0	4500	8
wp	55	truth	7	0	2000	40
step	56	55	0	0	cover AS*>9H	1	10	2	-1	9	4	3	-1
wp	56	truth	0	0	3000	40
wp	56	belief	0	0	3000	8
wp	56	truth	1	1750	7150	40
wp	56	belief	1	1250	6625	8
wp	56	truth	2	0	4000	40
wp	56	belief	2	2500	5375	8
wp	56	truth	3	0	1000	40
wp	56	truth	4	8000	7800	40
wp	56	belief	4	3750	6875	8
wp	56	truth	5	0	5000	40
wp	56	belief	5	1250	5500	8
wp	56	truth	6	250	6050	40
wp	56	belief	6	0	4000	8
wp	56	truth	7	0	2000	40
step	57	56	0	0	cover 4S*>9C	-1	10	2	-1	9	4	3	-1
wp	57	truth	0	0	3000	40
wp	57	truth	1	500	6900	40
wp	57	belief	1	6250	7000	8
wp	57	truth	2	0	4000	40
wp	57	belief	2	1250	5375	8
wp	57	truth	3	0	1000	40
wp	57	truth	4	8000	7800	40
wp	57	belief	4	1250	5875	8
wp	57	truth	5	0	5000	40
wp	57	belief	5	0	5875	8
wp	57	truth	6	1500	6300	40
wp	57	belief	6	1250	5375	8
wp	57	truth	7	0	2000	40
step	58	57	1	0	attack 10S* 10D	-1	8	2	-1	9	4	3	-1
wp	58	truth	0	0	3000	40
wp	58	truth	1	8750	7875	40
wp	58	belief	1	5000	7250	8
wp	58	truth	2	0	4000	40
wp	58	belief	2	0	4000	8
wp	58	truth	3	0	1000	40
wp	58	truth	4	0	6875	40
wp	58	belief	4	3750	6625	8
wp	58	truth	5	0	5875	40
wp	58	belief	5	0	5750	8
wp	58	truth	6	1250	5375	40
wp	58	belief	6	0	4875	8
wp	58	truth	7	0	2000	40
step	59	58	2	0	pass 10C	-1	8	1	-1	9	4	3	-1
wp	59	truth	0	0	3000	40
wp	59	truth	1	250	6050	40
wp	59	belief	1	2500	6500	8
wp	59	truth	2	0	4000	40
wp	59	belief	2	0	4000	8
wp	59	truth	3	0	1000	40
wp	59	truth	4	0	6975	40
wp	59	belief	4	6250	7625	8
wp	59	truth	5	0	5000	40
wp	59	belief	5	0	4375	8
wp	59	truth	6	9750	7975	40
wp	59	belief	6	0	5625	8
wp	59	truth	7	0	2000	40
step	60	59	4	0	cover AC>10C	-1	8	1	-1	8	4	3	-1
wp	60	truth	0	0	3000	40
wp	60	truth	1	8000	7600	40
wp	60	belief	1	6250	7625	8
wp	60	truth	2	0	4000	40
wp	60	belief	2	0	4000	8
wp	60	truth	3	0	1000	40
wp	60	truth	4	0	6200	40
wp	60	belief	4	5000	7125	8
wp	60	truth	5	0	6600	40
wp	60	belief	5	0	4750	8
wp	60	truth	6	2000	5600	40
wp	60	belief	6	0	6000	8
wp	60	truth	7	0	2000	40
step	61	60	4	0	cover 5S*>10D	-1	8	1	-1	7	4	3	-1
wp	61	truth	0	0	3000	40
wp	61	truth	1	9750	7950	40
wp	61	belief	1	2500	7000	8
wp	61	truth	2	0	4000	40
wp	61	belief	2	0	4125	8
wp	61	truth	3	0	1000	40
wp	61	truth	4	250	6050	40
wp	61	belief	4	1250	6875	8
wp	61	truth	5	0	5000	40
wp	61	belief	5	0	5000	8
wp	61	truth	6	0	7000	40
wp	61	belief	6	1250	5875	8
wp	61	truth	7	0	2000	40
step	62	61	4	0	pickup	-1	8	1	-1	12	4	3	-1
wp	62	truth	0	0	3000	40
wp	62	truth	1	0	7000	40
wp	62	belief	1	1429	6571	8
wp	62	truth	2	0	4000	40
wp	62	belief	2	0	4125	8
wp	62	truth	3	0	1000	40
wp	62	truth	4	0	6000	40
wp	62	belief	4	3750	7000	8
wp	62	truth	5	0	5000	40
wp	62	belief	5	0	4500	8
wp	62	truth	6	10000	8000	40
wp	62	belief	6	0	6125	8
wp	62	truth	7	0	2000	40
step	63	62	5	0	attack QD QS*	-1	8	1	-1	12	2	3	-1
wp	63	truth	0	0	3000	40
wp	63	truth	1	10000	8000	40
wp	63	belief	1	3750	7000	8
wp	63	truth	2	0	4000	40
wp	63	belief	2	0	4000	8
wp	63	truth	3	0	1000	40
wp	63	truth	4	0	6000	40
wp	63	belief	4	2500	6500	8
wp	63	truth	5	0	5000	40
wp	63	belief	5	0	4250	8
wp	63	truth	6	0	7000	40
wp	63	belief	6	1250	6250	8
wp	63	truth	7	0	2000	40
step	64	63	6	0	pickup	-1	8	1	-1	12	2	5	-1
wp	64	truth	0	0	3000	40
wp	64	truth	1	10000	8000	40
wp	64	belief	1	3750	6750	8
wp	64	truth	2	0	4000	40
wp	64	belief	2	0	4000	8
wp	64	truth	3	0	1000	40
wp	64	truth	4	0	6000	40
wp	64	belief	4	3750	7125	8
wp	64	truth	5	0	5000	40
wp	64	belief	5	0	4375	8
wp	64	truth	6	0	7000	40
wp	64	belief	6	1250	6375	8
wp	64	truth	7	0	2000	40
step	65	64	1	0	attack 3H	-1	7	1	-1	12	2	5	-1
wp	65	truth	0	0	3000	40
wp	65	truth	1	10000	8000	40
wp	65	belief	1	3750	7125	8
wp	65	truth	2	0	4000	40
wp	65	belief	2	0	4000	8
wp	65	truth	3	0	1000	40
wp	65	truth	4	0	6000	40
wp	65	belief	4	2500	6875	8
wp	65	truth	5	0	5000	40
wp	65	belief	5	0	4750	8
wp	65	truth	6	0	7000	40
wp	65	belief	6	1250	6000	8
wp	65	truth	7	0	2000	40
step	66	65	2	0	cover JH>3H	-1	7	-1	-1	12	2	5	-1
wp	66	truth	0	0	3000	40
wp	66	truth	1	10000	8000	40
wp	66	belief	1	2500	7250	8
wp	66	truth	2	0	4000	40
wp	66	truth	3	0	1000	40
wp	66	truth	4	0	6000	40
wp	66	belief	4	1250	6500	8
wp	66	truth	5	0	5000	40
wp	66	belief	5	0	5000	8
wp	66	truth	6	0	7000	40
wp	66	belief	6	1250	5875	8
wp	66	truth	7	0	2000	40
step	67	66	4	0	attack 5D	-1	7	-1	-1	11	2	5	-1
wp	67	truth	0	0	3000	40
wp	67	truth	1	10000	8000	40
wp	67	belief	1	7500	7750	8
wp	67	truth	2	0	4000	40
wp	67	truth	3	0	1000	40
wp	67	truth	4	0	5000	40
wp	67	belief	4	1250	6000	8
wp	67	truth	5	0	7000	40
wp	67	belief	5	1250	5375	8
wp	67	truth	6	0	6000	40
wp	67	belief	6	0	5500	8
wp	67	truth	7	0	2000	40
step	68	67	4	0	attack 5S*	-1	7	-1	-1	10	2	5	-1
wp	68	truth	0	0	3000	40
wp	68	truth	1	1500	7150	40
wp	68	belief	1	6250	7500	8
wp	68	truth	2	0	4000	40
wp	68	truth	3	0	1000	40
wp	68	truth	4	0	6000	40
wp	68	belief	4	5000	7375	8
wp	68	truth	5	8500	7850	40
wp	68	belief	5	1250	5500	8
wp	68	truth	6	0	5000	40
wp	68	belief	6	5000	6875	8
wp	68	truth	7	0	2000	40
step	69	68	5	0	pickup	-1	7	-1	-1	10	4	5	-1
wp	69	truth	0	0	3000	40
wp	69	truth	1	1750	7175	40
wp	69	belief	1	5000	7500	8
wp	69	truth	2	0	4000	40
wp	69	truth	3	0	1000	40
wp	69	truth	4	0	6000	40
wp	69	belief	4	3750	7000	8
wp	69	truth	5	8250	7825	40
wp	69	belief	5	2500	6250	8
wp	69	truth	6	0	5000	40
wp	69	belief	6	0	5500	8
wp	69	truth	7	0	2000	40
step	70	69	6	0	attack QD QS*	-1	7	-1	-1	10	4	3	-1
wp	70	truth	0	0	3000	40
wp	70	truth	1	9750	7975	40
wp	70	belief	1	6250	7500	8
wp	70	truth	2	0	4000	40
wp	70	truth	3	0	1000	40
wp	70	truth	4	0	6800	40
wp	70	belief	4	5000	7000	8
wp	70	truth	5	250	6225	40
wp	70	belief	5	1250	6125	8
wp	70	truth	6	0	5000	40
wp	70	belief	6	0	5250	8
wp	70	truth	7	0	2000	40
step	71	70	1	0	pickup	-1	9	-1	-1	10	4	3	-1
wp	71	truth	0	0	3000	40
wp	71	truth	1	7500	7750	40
wp	71	belief	1	2500	6625	8
wp	71	truth	2	0	4000	40
wp	71	truth	3	0	1000	40
wp	71	truth	4	0	6700	40
wp	71	belief	4	1250	6125	8
wp	71	truth	5	2500	6550	40
wp	71	belief	5	2500	6625	8
wp	71	truth	6	0	5000	40
wp	71	belief	6	1250	5375	8
wp	71	truth	7	0	2000	40
step	72	71	4	0	attack 8D 8H	-1	9	-1	-1	8	4	3	-1
wp	72	truth	0	0	3000	40
wp	72	truth	1	6500	7650	40
wp	72	belief	1	2500	6375	8
wp	72	truth	2	0	4000	40
wp	72	truth	3	0	1000	40
wp	72	truth	4	0	6575	40
wp	72	belief	4	2500	7000	8
wp	72	truth	5	3500	6775	40
wp	72	belief	5	5000	7375	8
wp	72	truth	6	0	5000	40
wp	72	belief	6	0	5000	8
wp	72	truth	7	0	2000	40
step	73	72	5	0	cover QH>8H	-1	9	-1	-1	8	3	3	-1
wp	73	truth	0	0	3000	40
wp	73	truth	1	7500	7750	40
wp	73	belief	1	6250	7375	8
wp	73	truth	2	0	4000	40
wp	73	truth	3	0	1000	40
wp	73	truth	4	2000	6550	40
wp	73	belief	4	1250	6000	8
wp	73	truth	5	500	6700	40
wp	73	belief	5	2500	6625	8
wp	73	truth	6	0	5000	40
wp	73	belief	6	0	5000	8
wp	73	truth	7	0	2000	40
step	74	73	5	0	cover AD>8D	-1	9	-1	-1	8	2	3	-1
wp	74	truth	0	0	3000	40
wp	74	truth	1	8250	7650	40
wp	74	belief	1	6250	7500	8
wp	74	truth	2	0	4000	40
wp	74	truth	3	0	1000	40
wp	74	truth	4	0	6175	40
wp	74	belief	4	0	6125	8
wp	74	truth	5	1750	7175	40
wp	74	belief	5	1250	6375	8
wp	74	truth	6	0	5000	40
wp	74	belief	6	0	5750	8
wp	74	truth	7	0	2000	40
step	75	74	4	0	attack AC	-1	9	-1	-1	7	2	3	-1
wp	75	truth	0	0	3000	40
wp	75	truth	1	1500	7150	40
wp	75	belief	1	2500	7125	8
wp	75	truth	2	0	4000	40
wp	75	truth	3	0	1000	40
wp	75	truth	4	0	6000	40
wp	75	belief	4	0	5875	8
wp	75	truth	5	8500	7850	40
wp	75	belief	5	1250	6875	8
wp	75	truth	6	0	5000	40
wp	75	belief	6	1250	5500	8
wp	75	truth	7	0	2000	40
step	76	75	5	0	cover 5S*>AC	-1	9	-1	-1	7	1	3	-1
wp	76	truth	0	0	3000	40
wp	76	truth	1	7500	7750	40
wp	76	belief	1	7500	7750	8
wp	76	truth	2	0	4000	40
wp	76	truth	3	0	1000	40
wp	76	truth	4	0	6000	40
wp	76	belief	4	1250	6500	8
wp	76	truth	5	2500	7250	40
wp	76	belief	5	3750	7250	8
wp	76	truth	6	0	5000	40
wp	76	belief	6	5000	6500	8
wp	76	truth	7	0	2000	40
step	77	76	4	0	attack AH	-1	9	-1	-1	6	1	3	-1
wp	77	truth	0	0	3000	40
wp	77	truth	1	10000	8000	40
wp	77	belief	1	6250	7250	8
wp	77	truth	2	0	4000	40
wp	77	truth	3	0	1000	40
wp	77	truth	4	0	6000	40
wp	77	belief	4	0	5625	8
wp	77	truth	5	0	7000	40
wp	77	belief	5	1250	6625	8
wp	77	truth	6	0	5000	40
wp	77	belief	6	0	5000	8
wp	77	truth	7	0	2000	40
step	78	77	5	0	pickup	-1	9	-1	-1	6	8	3	-1
wp	78	truth	0	0	3000	40
wp	78	truth	1	8750	7875	40
wp	78	belief	1	5000	7500	8
wp	78	truth	2	0	4000	40
wp	78	truth	3	0	1000	40
wp	78	truth	4	0	6000	40
wp	78	belief	4	0	5750	8
wp	78	truth	5	1250	7125	40
wp	78	belief	5	2500	6500	8
wp	78	truth	6	0	5000	40
wp	78	belief	6	0	5125	8
wp	78	truth	7	0	2000	40
step	79	78	6	0	attack KH KC	-1	9	-1	-1	6	8	1	-1
wp	79	truth	0	0	3000	40
wp	79	truth	1	8500	7850	40
wp	79	belief	1	8750	7875	8
wp	79	truth	2	0	4000	40
wp	79	truth	3	0	1000	40
wp	79	truth	4	0	6000	40
wp	79	belief	4	0	6000	8
wp	79	truth	5	1500	7150	40
wp	79	belief	5	3750	6875	8
wp	79	truth	6	0	5000	40
wp	79	belief	6	0	5750	8
wp	79	truth	7	0	2000	40
step	80	79	1	0	pickup	-1	11	-1	-1	6	8	1	-1
wp	80	truth	0	0	3000	40
wp	80	truth	1	9000	7900	40
wp	80	belief	1	10000	8000	8
wp	80	truth	2	0	4000	40
wp	80	truth	3	0	1000	40
wp	80	truth	4	0	6000	40
wp	80	belief	4	0	6000	8
wp	80	truth	5	1000	7100	40
wp	80	belief	5	0	6875	8
wp	80	truth	6	0	5000	40
wp	80	belief	6	0	5000	8
wp	80	truth	7	0	2000	40
step	81	80	4	0	attack 4H	-1	11	-1	-1	5	8	1	-1
wp	81	truth	0	0	3000	40
wp	81	truth	1	0	7000	40
wp	81	belief	1	0	7000	8
wp	81	truth	2	0	4000	40
wp	81	truth	3	0	1000	40
wp	81	truth	4	0	6000	40
wp	81	belief	4	0	6000	8
wp	81	truth	5	10000	8000	40
wp	81	belief	5	8750	7875	8
wp	81	truth	6	0	5000	40
wp	81	belief	6	0	5000	8
wp	81	truth	7	0	2000	40
step	82	81	5	0	cover AH>4H	-1	11	-1	-1	5	7	1	-1
wp	82	truth	0	0	3000	40
wp	82	truth	1	10000	8000	40
wp	82	belief	1	10000	8000	8
wp	82	truth	2	0	4000	40
wp	82	truth	3	0	1000	40
wp	82	truth	4	0	6000	40
wp	82	belief	4	2500	6500	8
wp	82	truth	5	0	7000	40
wp	82	belief	5	0	6000	8
wp	82	truth	6	0	5000	40
wp	82	belief	6	0	5000	8
wp	82	truth	7	0	2000	40
step	83	82	6	0	attack 4D	-1	11	-1	-1	5	7	-1	-1
wp	83	truth	0	0	3000	40
wp	83	truth	1	10000	8000	40
wp	83	belief	1	10000	8000	8
wp	83	truth	2	0	4000	40
wp	83	truth	3	0	1000	40
wp	83	truth	4	0	6000	40
wp	83	belief	4	0	6000	8
wp	83	truth	5	0	7000	40
wp	83	belief	5	0	7000	8
wp	83	truth	6	0	5000	40
wp	83	truth	7	0	2000	40
step	84	83	1	0	attack 4C	-1	10	-1	-1	5	7	-1	-1
wp	84	truth	0	0	3000	40
wp	84	truth	1	10000	8000	40
wp	84	belief	1	10000	8000	8
wp	84	truth	2	0	4000	40
wp	84	truth	3	0	1000	40
wp	84	truth	4	0	6000	40
wp	84	belief	4	0	6000	8
wp	84	truth	5	0	7000	40
wp	84	belief	5	0	7000	8
wp	84	truth	6	0	5000	40
wp	84	truth	7	0	2000	40
step	85	84	5	0	cover AD>4D	-1	10	-1	-1	5	6	-1	-1
wp	85	truth	0	0	3000	40
wp	85	truth	1	8500	7850	40
wp	85	belief	1	10000	8000	8
wp	85	truth	2	0	4000	40
wp	85	truth	3	0	1000	40
wp	85	truth	4	1500	7150	40
wp	85	belief	4	0	7000	8
wp	85	truth	5	0	6000	40
wp	85	belief	5	0	6000	8
wp	85	truth	6	0	5000	40
wp	85	truth	7	0	2000	40
step	86	85	5	0	cover AC>4C	-1	10	-1	-1	5	5	-1	-1
wp	86	truth	0	0	3000	40
wp	86	truth	1	9750	7975	40
wp	86	belief	1	8750	7875	8
wp	86	truth	2	0	4000	40
wp	86	truth	3	0	1000	40
wp	86	truth	4	250	7025	40
wp	86	belief	4	2500	7250	8
wp	86	truth	5	0	6000	40
wp	86	belief	5	0	6000	8
wp	86	truth	6	0	5000	40
wp	86	truth	7	0	2000	40
step	87	86	-1	0	round end	-1	10	-1	-1	5	5	-1	-1
wp	87	truth	0	0	3000	40
wp	87	truth	1	9500	7950	40
wp	87	belief	1	8750	7875	8
wp	87	truth	2	0	4000	40
wp	87	truth	3	0	1000	40
wp	87	truth	4	500	7050	40
wp	87	belief	4	0	7000	8
wp	87	truth	5	0	6000	40
wp	87	belief	5	0	6000	8
wp	87	truth	6	0	5000	40
wp	87	truth	7	0	2000	40
step	88	87	5	0	attack 5D 5S*	-1	10	-1	-1	5	3	-1	-1
wp	88	truth	0	0	3000	40
wp	88	truth	1	0	7000	40
wp	88	belief	1	0	7000	8
wp	88	truth	2	0	4000	40
wp	88	truth	3	0	1000	40
wp	88	truth	4	10000	8000	40
wp	88	belief	4	10000	8000	8
wp	88	truth	5	0	6000	40
wp	88	belief	5	0	6000	8
wp	88	truth	6	0	5000	40
wp	88	truth	7	0	2000	40
step	89	88	1	0	cover QS*>5D	-1	9	-1	-1	5	3	-1	-1
wp	89	truth	0	0	3000	40
wp	89	truth	1	0	6825	40
wp	89	belief	1	1250	6625	8
wp	89	truth	2	0	4000	40
wp	89	truth	3	0	1000	40
wp	89	truth	4	0	6175	40
wp	89	belief	4	0	6250	8
wp	89	truth	5	10000	8000	40
wp	89	belief	5	10000	8000	8
wp	89	truth	6	0	5000	40
wp	89	truth	7	0	2000	40
step	90	89	1	0	pickup	-1	12	-1	-1	5	3	-1	-1
wp	90	truth	0	0	3000	40
wp	90	truth	1	0	6700	40
wp	90	belief	1	0	6500	8
wp	90	truth	2	0	4000	40
wp	90	truth	3	0	1000	40
wp	90	truth	4	0	6300	40
wp	90	belief	4	0	6500	8
wp	90	truth	5	10000	8000	40
wp	90	belief	5	10000	8000	8
wp	90	truth	6	0	5000	40
wp	90	truth	7	0	2000	40
step	91	90	4	0	attack 5H	-1	12	-1	-1	4	3	-1	-1
wp	91	truth	0	0	3000	40
wp	91	truth	1	0	6025	40
wp	91	belief	1	0	6125	8
wp	91	truth	2	0	4000	40
wp	91	truth	3	0	1000	40
wp	91	truth	4	0	6975	40
wp	91	belief	4	0	7000	8
wp	91	truth	5	10000	8000	40
wp	91	belief	5	10000	8000	8
wp	91	truth	6	0	5000	40
wp	91	truth	7	0	2000	40
step	92	91	1	0	attack 5S*	-1	11	-1	-1	4	3	-1	-1
wp	92	truth	0	0	3000	40
wp	92	truth	1	8250	7825	40
wp	92	belief	1	7500	7750	8
wp	92	truth	2	0	4000	40
wp	92	truth	3	0	1000	40
wp	92	truth	4	1500	7125	40
wp	92	belief	4	0	7000	8
wp	92	truth	5	250	6050	40
wp	92	belief	5	0	6000	8
wp	92	truth	6	0	5000	40
wp	92	truth	7	0	2000	40
step	93	92	5	0	pickup	-1	11	-1	-1	4	5	-1	-1
wp	93	truth	0	0	3000	40
wp	93	truth	1	8500	7850	40
wp	93	belief	1	10000	8000	8
wp	93	truth	2	0	4000	40
wp	93	truth	3	0	1000	40
wp	93	truth	4	750	7000	40
wp	93	belief	4	0	7000	8
wp	93	truth	5	750	6150	40
wp	93	belief	5	0	6000	8
wp	93	truth	6	0	5000	40
wp	93	truth	7	0	2000	40
step	94	93	1	0	attack 3C	-1	10	-1	-1	4	5	-1	-1
wp	94	truth	0	0	3000	40
wp	94	truth	1	0	7000	40
wp	94	belief	1	0	7000	8
wp	94	truth	2	0	4000	40
wp	94	truth	3	0	1000	40
wp	94	truth	4	8000	7600	40
wp	94	belief	4	8750	7750	8
wp	94	truth	5	2000	6400	40
wp	94	belief	5	2500	6500	8
wp	94	truth	6	0	5000	40
wp	94	truth	7	0	2000	40
step	95	94	4	0	cover QC>3C	-1	10	-1	-1	3	5	-1	-1
wp	95	truth	0	0	3000	40
wp	95	truth	1	0	6000	40
wp	95	belief	1	0	6000	8
wp	95	truth	2	0	4000	40
wp	95	truth	3	0	1000	40
wp	95	truth	4	10000	8000	40
wp	95	belief	4	10000	8000	8
wp	95	truth	5	0	7000	40
wp	95	belief	5	0	7000	8
wp	95	truth	6	0	5000	40
wp	95	truth	7	0	2000	40
step	96	95	1	0	attack 3S* QS*	-1	8	-1	-1	3	5	-1	-1
wp	96	truth	0	0	3000	40
wp	96	truth	1	9000	7900	40
wp	96	belief	1	7500	7750	8
wp	96	truth	2	0	4000	40
wp	96	truth	3	0	1000	40
wp	96	truth	4	0	6000	40
wp	96	belief	4	0	6000	8
wp	96	truth	5	1000	7100	40
wp	96	belief	5	2500	7250	8
wp	96	truth	6	0	5000	40
wp	96	truth	7	0	2000	40
step	97	96	4	0	cover 10S*>3S*	-1	8	-1	-1	2	5	-1	-1
wp	97	truth	0	0	3000	40
wp	97	truth	1	8250	7825	40
wp	97	belief	1	7500	7750	8
wp	97	truth	2	0	4000	40
wp	97	truth	3	0	1000	40
wp	97	truth	4	0	6000	40
wp	97	belief	4	0	6000	8
wp	97	truth	5	1750	7175	40
wp	97	belief	5	1250	7125	8
wp	97	truth	6	0	5000	40
wp	97	truth	7	0	2000	40
step	98	97	4	0	pickup	-1	8	-1	-1	7	5	-1	-1
wp	98	truth	0	0	3000	40
wp	98	truth	1	9750	7975	40
wp	98	belief	1	10000	8000	8
wp	98	truth	2	0	4000	40
wp	98	truth	3	0	1000	40
wp	98	truth	4	0	6000	40
wp	98	belief	4	0	6000	8
wp	98	truth	5	250	7025	40
wp	98	belief	5	0	7000	8
wp	98	truth	6	0	5000	40
wp	98	truth	7	0	2000	40
step	99	98	5	0	attack 5H 5S*	-1	8	-1	-1	7	3	-1	-1
wp	99	truth	0	0	3000	40
wp	99	truth	1	10000	8000	40
wp	99	belief	1	10000	8000	8
wp	99	truth	2	0	4000	40
wp	99	truth	3	0	1000	40
wp	99	truth	4	0	7000	40
wp	99	belief	4	0	7000	8
wp	99	truth	5	0	6000	40
wp	99	belief	5	0	6000	8
wp	99	truth	6	0	5000	40
wp	99	truth	7	0	2000	40
step	100	99	1	0	pass 5C 5D	-1	6	-1	-1	7	3	-1	-1
wp	100	truth	0	0	3000	40
wp	100	truth	1	10000	8000	40
wp	100	belief	1	10000	8000	8
wp	100	truth	2	0	4000	40
wp	100	truth	3	0	1000	40
wp	100	truth	4	0	7000	40
wp	100	belief	4	0	7000	8
wp	100	truth	5	0	6000	40
wp	100	belief	5	0	6000	8
wp	100	truth	6	0	5000	40
wp	100	truth	7	0	2000	40
step	101	100	4	0	cover 10S*>5C	-1	6	-1	-1	6	3	-1	-1
wp	101	truth	0	0	3000	40
wp	101	truth	1	10000	8000	40
wp	101	belief	1	10000	8000	8
wp	101	truth	2	0	4000	40
wp	101	truth	3	0	1000	40
wp	101	truth	4	0	7000	40
wp	101	belief	4	0	7000	8
wp	101	truth	5	0	6000	40
wp	101	belief	5	0	6000	8
wp	101	truth	6	0	5000	40
wp	101	truth	7	0	2000	40
step	102	101	4	0	cover 10D>5D	-1	6	-1	-1	5	3	-1	-1
wp	102	truth	0	0	3000	40
wp	102	truth	1	10000	8000	40
wp	102	belief	1	10000	8000	8
wp	102	truth	2	0	4000	40
wp	102	truth	3	0	1000	40
wp	102	truth	4	0	7000	40
wp	102	belief	4	2500	7250	8
wp	102	truth	5	0	6000	40
wp	102	belief	5	0	6000	8
wp	102	truth	6	0	5000	40
wp	102	truth	7	0	2000	40
step	103	102	4	0	cover 3S*>5H	-1	6	-1	-1	4	3	-1	-1
wp	103	truth	0	0	3000	40
wp	103	truth	1	10000	8000	40
wp	103	belief	1	10000	8000	8
wp	103	truth	2	0	4000	40
wp	103	truth	3	0	1000	40
wp	103	truth	4	0	7000	40
wp	103	belief	4	0	7000	8
wp	103	truth	5	0	6000	40
wp	103	belief	5	0	6000	8
wp	103	truth	6	0	5000	40
wp	103	truth	7	0	2000	40
step	104	103	4	0	cover QS*>5S*	-1	6	-1	-1	3	3	-1	-1
wp	104	truth	0	0	3000	40
wp	104	truth	1	10000	8000	40
wp	104	belief	1	10000	8000	8
wp	104	truth	2	0	4000	40
wp	104	truth	3	0	1000	40
wp	104	truth	4	0	7000	40
wp	104	belief	4	0	7000	8
wp	104	truth	5	0	6000	40
wp	104	belief	5	0	6000	8
wp	104	truth	6	0	5000	40
wp	104	truth	7	0	2000	40
step	105	104	1	0	attack 3D 10H QD	-1	3	-1	-1	3	3	-1	-1
wp	105	truth	0	0	3000	40
wp	105	truth	1	10000	8000	40
wp	105	belief	1	10000	8000	8
wp	105	truth	2	0	4000	40
wp	105	truth	3	0	1000	40
wp	105	truth	4	0	7000	40
wp	105	belief	4	0	7000	8
wp	105	truth	5	0	6000	40
wp	105	belief	5	0	6000	8
wp	105	truth	6	0	5000	40
wp	105	truth	7	0	2000	40
step	106	105	4	0	pickup	-1	3	-1	-1	14	3	-1	-1
wp	106	truth	0	0	3000	40
wp	106	truth	1	10000	8000	40
wp	106	belief	1	10000	8000	8
wp	106	truth	2	0	4000	40
wp	106	truth	3	0	1000	40
wp	106	truth	4	0	7000	40
wp	106	belief	4	0	7000	8
wp	106	truth	5	0	6000	40
wp	106	belief	5	0	6000	8
wp	106	truth	6	0	5000	40
wp	106	truth	7	0	2000	40
step	107	106	5	0	attack 8D	-1	3	-1	-1	14	2	-1	-1
wp	107	truth	0	0	3000	40
wp	107	truth	1	10000	8000	40
wp	107	belief	1	10000	8000	8
wp	107	truth	2	0	4000	40
wp	107	truth	3	0	1000	40
wp	107	truth	4	0	7000	40
wp	107	belief	4	0	7000	8
wp	107	truth	5	0	6000	40
wp	107	belief	5	0	6000	8
wp	107	truth	6	0	5000	40
wp	107	truth	7	0	2000	40
step	108	107	5	0	attack 8H	-1	3	-1	-1	14	1	-1	-1
wp	108	truth	0	0	3000	40
wp	108	truth	1	10000	8000	40
wp	108	belief	1	10000	8000	8
wp	108	truth	2	0	4000	40
wp	108	truth	3	0	1000	40
wp	108	truth	4	0	7000	40
wp	108	belief	4	0	7000	8
wp	108	truth	5	0	6000	40
wp	108	belief	5	0	6000	8
wp	108	truth	6	0	5000	40
wp	108	truth	7	0	2000	40
step	109	108	1	0	cover KH>8H	-1	2	-1	-1	14	1	-1	-1
wp	109	truth	0	0	3000	40
wp	109	truth	1	10000	8000	40
wp	109	belief	1	10000	8000	8
wp	109	truth	2	0	4000	40
wp	109	truth	3	0	1000	40
wp	109	truth	4	0	7000	40
wp	109	belief	4	0	7000	8
wp	109	truth	5	0	6000	40
wp	109	belief	5	0	6000	8
wp	109	truth	6	0	5000	40
wp	109	truth	7	0	2000	40
step	110	109	1	0	pickup	-1	5	-1	-1	14	1	-1	-1
wp	110	truth	0	0	3000	40
wp	110	truth	1	10000	8000	40
wp	110	belief	1	10000	8000	8
wp	110	truth	2	0	4000	40
wp	110	truth	3	0	1000	40
wp	110	truth	4	0	7000	40
wp	110	belief	4	0	7000	8
wp	110	truth	5	0	6000	40
wp	110	belief	5	0	6000	8
wp	110	truth	6	0	5000	40
wp	110	truth	7	0	2000	40
step	111	110	4	0	attack 10C	-1	5	-1	-1	13	1	-1	-1
wp	111	truth	0	0	3000	40
wp	111	truth	1	10000	8000	40
wp	111	belief	1	10000	8000	8
wp	111	truth	2	0	4000	40
wp	111	truth	3	0	1000	40
wp	111	truth	4	0	7000	40
wp	111	belief	4	0	7000	8
wp	111	truth	5	0	6000	40
wp	111	belief	5	0	6000	8
wp	111	truth	6	0	5000	40
wp	111	truth	7	0	2000	40
step	112	111	5	0	pickup	-1	5	-1	-1	13	2	-1	-1
wp	112	truth	0	0	3000	40
wp	112	truth	1	10000	8000	40
wp	112	belief	1	10000	8000	8
wp	112	truth	2	0	4000	40
wp	112	truth	3	0	1000	40
wp	112	truth	4	0	7000	40
wp	112	belief	4	0	7000	8
wp	112	truth	5	0	6000	40
wp	112	belief	5	0	6000	8
wp	112	truth	6	0	5000	40
wp	112	truth	7	0	2000	40
step	113	112	1	0	attack KH	-1	4	-1	-1	13	2	-1	-1
wp	113	truth	0	0	3000	40
wp	113	truth	1	0	6000	40
wp	113	belief	1	0	6000	8
wp	113	truth	2	0	4000	40
wp	113	truth	3	0	1000	40
wp	113	truth	4	0	7000	40
wp	113	belief	4	0	7000	8
wp	113	truth	5	10000	8000	40
wp	113	belief	5	10000	8000	8
wp	113	truth	6	0	5000	40
wp	113	truth	7	0	2000	40
step	114	113	4	0	cover 3S*>KH	-1	4	-1	-1	12	2	-1	-1
wp	114	truth	0	0	3000	40
wp	114	truth	1	0	6000	40
wp	114	belief	1	0	6000	8
wp	114	truth	2	0	4000	40
wp	114	truth	3	0	1000	40
wp	114	truth	4	0	7000	40
wp	114	belief	4	0	7000	8
wp	114	truth	5	10000	8000	40
wp	114	belief	5	10000	8000	8
wp	114	truth	6	0	5000	40
wp	114	truth	7	0	2000	40
step	115	114	-1	0	round end	-1	4	-1	-1	12	2	-1	-1
wp	115	truth	0	0	3000	40
wp	115	truth	1	0	6000	40
wp	115	belief	1	0	6000	8
wp	115	truth	2	0	4000	40
wp	115	truth	3	0	1000	40
wp	115	truth	4	0	7000	40
wp	115	belief	4	0	7000	8
wp	115	truth	5	10000	8000	40
wp	115	belief	5	10000	8000	8
wp	115	truth	6	0	5000	40
wp	115	truth	7	0	2000	40
step	116	115	4	0	attack 3C	-1	4	-1	-1	11	2	-1	-1
wp	116	truth	0	0	3000	40
wp	116	truth	1	0	6000	40
wp	116	belief	1	0	6000	8
wp	116	truth	2	0	4000	40
wp	116	truth	3	0	1000	40
wp	116	truth	4	0	7000	40
wp	116	belief	4	0	7000	8
wp	116	truth	5	10000	8000	40
wp	116	belief	5	10000	8000	8
wp	116	truth	6	0	5000	40
wp	116	truth	7	0	2000	40
step	117	116	4	0	attack 3D	-1	4	-1	-1	10	2	-1	-1
wp	117	truth	0	0	3000	40
wp	117	truth	1	0	6000	40
wp	117	belief	1	0	6000	8
wp	117	truth	2	0	4000	40
wp	117	truth	3	0	1000	40
wp	117	truth	4	0	7000	40
wp	117	belief	4	0	7000	8
wp	117	truth	5	10000	8000	40
wp	117	belief	5	10000	8000	8
wp	117	truth	6	0	5000	40
wp	117	truth	7	0	2000	40
step	118	117	5	0	cover 10C>3C	-1	4	-1	-1	10	1	-1	-1
wp	118	truth	0	0	3000	40
wp	118	truth	1	0	6000	40
wp	118	belief	1	0	6000	8
wp	118	truth	2	0	4000	40
wp	118	truth	3	0	1000	40
wp	118	truth	4	0	7000	40
wp	118	belief	4	0	7000	8
wp	118	truth	5	10000	8000	40
wp	118	belief	5	10000	8000	8
wp	118	truth	6	0	5000	40
wp	118	truth	7	0	2000	40
step	119	118	5	0	pickup	-1	4	-1	-1	10	4	-1	-1
wp	119	truth	0	0	3000	40
wp	119	truth	1	0	6000	40
wp	119	belief	1	0	6000	8
wp	119	truth	2	0	4000	40
wp	119	truth	3	0	1000	40
wp	119	truth	4	0	7000	40
wp	119	belief	4	0	7000	8
wp	119	truth	5	10000	8000	40
wp	119	belief	5	10000	8000	8
wp	119	truth	6	0	5000	40
wp	119	truth	7	0	2000	40
step	120	119	1	0	attack 8H	-1	3	-1	-1	10	4	-1	-1
wp	120	truth	0	0	3000	40
wp	120	truth	1	0	6000	40
wp	120	belief	1	0	6000	8
wp	120	truth	2	0	4000	40
wp	120	truth	3	0	1000	40
wp	120	truth	4	0	7000	40
wp	120	belief	4	0	7000	8
wp	120	truth	5	10000	8000	40
wp	120	belief	5	10000	8000	8
wp	120	truth	6	0	5000	40
wp	120	truth	7	0	2000	40
step	121	120	1	0	attack 8D	-1	2	-1	-1	10	4	-1	-1
wp	121	truth	0	0	3000	40
wp	121	truth	1	0	6000	40
wp	121	belief	1	0	6000	8
wp	121	truth	2	0	4000	40
wp	121	truth	3	0	1000	40
wp	121	truth	4	0	7000	40
wp	121	belief	4	0	7000	8
wp	121	truth	5	10000	8000	40
wp	121	belief	5	10000	8000	8
wp	121	truth	6	0	5000	40
wp	121	truth	7	0	2000	40
step	122	121	4	0	cover QS*>8H	-1	2	-1	-1	9	4	-1	-1
wp	122	truth	0	0	3000	40
wp	122	truth	1	0	6000	40
wp	122	belief	1	0	6000	8
wp	122	truth	2	0	4000	40
wp	122	truth	3	0	1000	40
wp	122	truth	4	0	7000	40
wp	122	belief	4	0	7000	8
wp	122	truth	5	10000	8000	40
wp	122	belief	5	10000	8000	8
wp	122	truth	6	0	5000	40
wp	122	truth	7	0	2000	40
step	123	122	4	0	cover QD>8D	-1	2	-1	-1	8	4	-1	-1
wp	123	truth	0	0	3000	40
wp	123	truth	1	0	7000	40
wp	123	belief	1	0	6875	8
wp	123	truth	2	0	4000	40
wp	123	truth	3	0	1000	40
wp	123	truth	4	0	6000	40
wp	123	belief	4	0	6000	8
wp	123	truth	5	10000	8000	40
wp	123	belief	5	10000	8000	8
wp	123	truth	6	0	5000	40
wp	123	truth	7	0	2000	40
step	124	123	-1	0	round end	-1	2	-1	-1	8	4	-1	-1
wp	124	truth	0	0	3000	40
wp	124	truth	1	0	7000	40
wp	124	belief	1	0	7000	8
wp	124	truth	2	0	4000	40
wp	124	truth	3	0	1000	40
wp	124	truth	4	0	6000	40
wp	124	belief	4	0	6000	8
wp	124	truth	5	10000	8000	40
wp	124	belief	5	10000	8000	8
wp	124	truth	6	0	5000	40
wp	124	truth	7	0	2000	40
step	125	124	4	0	attack 10S*	-1	2	-1	-1	7	4	-1	-1
wp	125	truth	0	0	3000	40
wp	125	truth	1	0	7000	40
wp	125	belief	1	0	7000	8
wp	125	truth	2	0	4000	40
wp	125	truth	3	0	1000	40
wp	125	truth	4	0	6000	40
wp	125	belief	4	0	6000	8
wp	125	truth	5	10000	8000	40
wp	125	belief	5	10000	8000	8
wp	125	truth	6	0	5000	40
wp	125	truth	7	0	2000	40
step	126	125	4	0	attack 10D	-1	2	-1	-1	6	4	-1	-1
wp	126	truth	0	0	3000	40
wp	126	truth	1	0	7000	40
wp	126	belief	1	0	7000	8
wp	126	truth	2	0	4000	40
wp	126	truth	3	0	1000	40
wp	126	truth	4	0	6000	40
wp	126	belief	4	0	6000	8
wp	126	truth	5	10000	8000	40
wp	126	belief	5	10000	8000	8
wp	126	truth	6	0	5000	40
wp	126	truth	7	0	2000	40
step	127	126	4	0	attack 10H	-1	2	-1	-1	5	4	-1	-1
wp	127	truth	0	0	3000	40
wp	127	truth	1	0	7000	40
wp	127	belief	1	0	7000	8
wp	127	truth	2	0	4000	40
wp	127	truth	3	0	1000	40
wp	127	truth	4	0	6000	40
wp	127	belief	4	0	6000	8
wp	127	truth	5	10000	8000	40
wp	127	belief	5	10000	8000	8
wp	127	truth	6	0	5000	40
wp	127	truth	7	0	2000	40
step	128	127	5	0	cover QH>10H	-1	2	-1	-1	5	3	-1	-1
wp	128	truth	0	0	3000	40
wp	128	truth	1	0	7000	40
wp	128	belief	1	0	7000	8
wp	128	truth	2	0	4000	40
wp	128	truth	3	0	1000	40
wp	128	truth	4	0	6000	40
wp	128	belief	4	0	6000	8
wp	128	truth	5	10000	8000	40
wp	128	belief	5	10000	8000	8
wp	128	truth	6	0	5000	40
wp	128	truth	7	0	2000	40
step	129	128	5	0	pickup	-1	2	-1	-1	5	7	-1	-1
wp	129	truth	0	0	3000	40
wp	129	truth	1	0	7000	40
wp	129	belief	1	0	7000	8
wp	129	truth	2	0	4000	40
wp	129	truth	3	0	1000	40
wp	129	truth	4	0	6000	40
wp	129	belief	4	0	6000	8
wp	129	truth	5	10000	8000	40
wp	129	belief	5	10000	8000	8
wp	129	truth	6	0	5000	40
wp	129	truth	7	0	2000	40
step	130	129	1	0	attack KC	-1	1	-1	-1	5	7	-1	-1
wp	130	truth	0	0	3000	40
wp	130	truth	1	0	6000	40
wp	130	belief	1	0	6000	8
wp	130	truth	2	0	4000	40
wp	130	truth	3	0	1000	40
wp	130	truth	4	0	7000	40
wp	130	belief	4	0	7000	8
wp	130	truth	5	10000	8000	40
wp	130	belief	5	10000	8000	8
wp	130	truth	6	0	5000	40
wp	130	truth	7	0	2000	40
step	131	130	4	0	cover 5S*>KC	-1	1	-1	-1	4	7	-1	-1
wp	131	truth	0	0	3000	40
wp	131	truth	1	0	6000	40
wp	131	belief	1	0	6000	8
wp	131	truth	2	0	4000	40
wp	131	truth	3	0	1000	40
wp	131	truth	4	0	7000	40
wp	131	belief	4	0	7000	8
wp	131	truth	5	10000	8000	40
wp	131	belief	5	10000	8000	8
wp	131	truth	6	0	5000	40
wp	131	truth	7	0	2000	40
step	132	131	-1	0	round end	-1	1	-1	-1	4	7	-1	-1
wp	132	truth	0	0	3000	40
wp	132	truth	1	0	6000	40
wp	132	belief	1	0	6000	8
wp	132	truth	2	0	4000	40
wp	132	truth	3	0	1000	40
wp	132	truth	4	0	7000	40
wp	132	belief	4	0	7000	8
wp	132	truth	5	10000	8000	40
wp	132	belief	5	10000	8000	8
wp	132	truth	6	0	5000	40
wp	132	truth	7	0	2000	40
step	133	132	4	0	attack QC	-1	1	-1	-1	3	7	-1	-1
wp	133	truth	0	0	3000	40
wp	133	truth	1	0	6000	40
wp	133	belief	1	0	6000	8
wp	133	truth	2	0	4000	40
wp	133	truth	3	0	1000	40
wp	133	truth	4	0	7000	40
wp	133	belief	4	0	7000	8
wp	133	truth	5	10000	8000	40
wp	133	belief	5	10000	8000	8
wp	133	truth	6	0	5000	40
wp	133	truth	7	0	2000	40
step	134	133	5	0	cover 10S*>QC	-1	1	-1	-1	3	6	-1	-1
wp	134	truth	0	0	3000	40
wp	134	truth	1	0	6000	40
wp	134	belief	1	0	6000	8
wp	134	truth	2	0	4000	40
wp	134	truth	3	0	1000	40
wp	134	truth	4	0	7000	40
wp	134	belief	4	0	7000	8
wp	134	truth	5	10000	8000	40
wp	134	belief	5	10000	8000	8
wp	134	truth	6	0	5000	40
wp	134	truth	7	0	2000	40
step	135	134	-1	0	round end	-1	1	-1	-1	3	6	-1	-1
wp	135	truth	0	0	3000	40
wp	135	truth	1	0	6000	40
wp	135	belief	1	0	6000	8
wp	135	truth	2	0	4000	40
wp	135	truth	3	0	1000	40
wp	135	truth	4	0	7000	40
wp	135	belief	4	0	7000	8
wp	135	truth	5	10000	8000	40
wp	135	belief	5	10000	8000	8
wp	135	truth	6	0	5000	40
wp	135	truth	7	0	2000	40
step	136	135	5	0	attack 10D	-1	1	-1	-1	3	5	-1	-1
wp	136	truth	0	0	3000	40
wp	136	truth	1	0	7000	40
wp	136	belief	1	0	7000	8
wp	136	truth	2	0	4000	40
wp	136	truth	3	0	1000	40
wp	136	truth	4	0	6000	40
wp	136	belief	4	0	6000	8
wp	136	truth	5	10000	8000	40
wp	136	belief	5	10000	8000	8
wp	136	truth	6	0	5000	40
wp	136	truth	7	0	2000	40
step	137	136	1	0	pickup	-1	2	-1	-1	3	5	-1	-1
wp	137	truth	0	0	3000	40
wp	137	truth	1	0	7000	40
wp	137	belief	1	0	7000	8
wp	137	truth	2	0	4000	40
wp	137	truth	3	0	1000	40
wp	137	truth	4	0	6000	40
wp	137	belief	4	0	6000	8
wp	137	truth	5	10000	8000	40
wp	137	belief	5	10000	8000	8
wp	137	truth	6	0	5000	40
wp	137	truth	7	0	2000	40
step	138	137	4	0	attack 5H	-1	2	-1	-1	2	5	-1	-1
wp	138	truth	0	0	3000	40
wp	138	truth	1	0	7000	40
wp	138	belief	1	0	7000	8
wp	138	truth	2	0	4000	40
wp	138	truth	3	0	1000	40
wp	138	truth	4	0	6000	40
wp	138	belief	4	0	6000	8
wp	138	truth	5	10000	8000	40
wp	138	belief	5	10000	8000	8
wp	138	truth	6	0	5000	40
wp	138	truth	7	0	2000	40
step	139	138	5	0	cover 10H>5H	-1	2	-1	-1	2	4	-1	-1
wp	139	truth	0	0	3000	40
wp	139	truth	1	0	6000	40
wp	139	belief	1	0	6000	8
wp	139	truth	2	0	4000	40
wp	139	truth	3	0	1000	40
wp	139	truth	4	0	7000	40
wp	139	belief	4	0	7000	8
wp	139	truth	5	10000	8000	40
wp	139	belief	5	10000	8000	8
wp	139	truth	6	0	5000	40
wp	139	truth	7	0	2000	40
step	140	139	4	0	attack 5C	-1	2	-1	-1	1	4	-1	-1
wp	140	truth	0	0	3000	40
wp	140	truth	1	0	7000	40
wp	140	belief	1	0	7000	8
wp	140	truth	2	0	4000	40
wp	140	truth	3	0	1000	40
wp	140	truth	4	0	6000	40
wp	140	belief	4	0	6000	8
wp	140	truth	5	10000	8000	40
wp	140	belief	5	10000	8000	8
wp	140	truth	6	0	5000	40
wp	140	truth	7	0	2000	40
step	141	140	4	0	attack 5D	-1	2	-1	-1	-1	4	-1	-1
wp	141	truth	0	0	3000	40
wp	141	truth	1	0	7000	40
wp	141	belief	1	0	7000	8
wp	141	truth	2	0	4000	40
wp	141	truth	3	0	1000	40
wp	141	truth	4	0	6000	40
wp	141	truth	5	10000	8000	40
wp	141	belief	5	10000	8000	8
wp	141	truth	6	0	5000	40
wp	141	truth	7	0	2000	40
step	142	141	1	0	attack 10D	-1	1	-1	-1	-1	4	-1	-1
wp	142	truth	0	0	3000	40
wp	142	truth	1	0	7000	40
wp	142	belief	1	0	7000	8
wp	142	truth	2	0	4000	40
wp	142	truth	3	0	1000	40
wp	142	truth	4	0	6000	40
wp	142	truth	5	10000	8000	40
wp	142	belief	5	10000	8000	8
wp	142	truth	6	0	5000	40
wp	142	truth	7	0	2000	40
step	143	142	5	0	cover 10C>5C	-1	1	-1	-1	-1	3	-1	-1
wp	143	truth	0	0	3000	40
wp	143	truth	1	0	7000	40
wp	143	belief	1	0	7000	8
wp	143	truth	2	0	4000	40
wp	143	truth	3	0	1000	40
wp	143	truth	4	0	6000	40
wp	143	truth	5	10000	8000	40
wp	143	belief	5	10000	8000	8
wp	143	truth	6	0	5000	40
wp	143	truth	7	0	2000	40
step	144	143	5	0	pickup	-1	1	-1	-1	-1	9	-1	-1
wp	144	truth	0	0	3000	40
wp	144	truth	1	0	7000	40
wp	144	belief	1	0	7000	8
wp	144	truth	2	0	4000	40
wp	144	truth	3	0	1000	40
wp	144	truth	4	0	6000	40
wp	144	truth	5	10000	8000	40
wp	144	belief	5	10000	8000	8
wp	144	truth	6	0	5000	40
wp	144	truth	7	0	2000	40
step	145	144	1	0	attack JC	-1	-1	-1	-1	-1	9	-1	-1
