phase,label,gw,mw,cw,conns,applied_per_s,mean_us,p50_us,p90_us,p99_us,peak_rss_kb,threads
A,A_ws_gw,2,1,1,32,193.7,44.0,33.5,90.7,173.4,37020,5
A,A_ws_gw,2,1,1,32,215.3,46.2,32.3,90.7,187.8,37024,5
A,A_ws_gw,2,1,1,32,194.5,46.3,33.3,94.7,200.2,37044,5
A,A_ws_gw,4,1,1,32,193.7,47.5,34.4,97.8,205.9,38440,7
A,A_ws_gw,4,1,1,32,206.3,45.1,32.6,93.3,189.1,38404,7
A,A_ws_gw,4,1,1,32,178.0,45.7,33.8,95.0,190.0,38512,7
A,A_ws_gw,8,1,1,32,228.8,46.0,34.2,94.5,192.7,41532,11
A,A_ws_gw,8,1,1,32,176.4,48.3,35.5,97.9,193.7,41528,11
A,A_ws_gw,8,1,1,32,206.6,47.6,33.6,96.5,210.0,41596,11
A,A_ws_gw,2,1,1,160,2049.0,171.3,124.1,381.6,724.2,148756,5
A,A_ws_gw,2,1,1,160,3849.3,208.3,150.4,459.3,954.9,152552,5
A,A_ws_gw,2,1,1,160,1670.8,174.4,126.6,390.6,738.1,140368,5
A,A_ws_gw,4,1,1,160,2864.3,162.2,113.7,362.8,743.3,150592,7
A,A_ws_gw,4,1,1,160,2207.6,168.6,116.9,381.5,779.6,151456,7
A,A_ws_gw,4,1,1,160,2351.1,179.6,130.4,402.4,767.3,152836,7
A,A_ws_gw,8,1,1,160,3699.3,198.2,144.1,445.4,857.3,158188,11
A,A_ws_gw,8,1,1,160,5173.5,190.4,137.3,418.6,871.3,159176,11
A,A_ws_gw,8,1,1,160,6907.3,174.7,122.6,384.9,839.9,162728,11
A,A_ws_gw,2,1,1,400,12963.1,937.6,702.4,1982.2,4169.7,351164,5
A,A_ws_gw,2,1,1,400,10146.3,918.4,647.1,2028.1,4779.2,342940,10
A,A_ws_gw,2,1,1,400,13732.0,1005.8,919.6,1959.9,3692.2,343096,6
A,A_ws_gw,4,1,1,400,13625.5,929.4,717.9,1944.2,4734.6,356864,32
A,A_ws_gw,4,1,1,400,13061.4,846.2,468.9,1924.9,4472.1,346804,25
A,A_ws_gw,4,1,1,400,11071.8,1052.8,1036.5,1921.7,3300.0,343524,7
A,A_ws_gw,8,1,1,400,11402.8,1102.9,882.8,2302.8,4882.6,347292,11
A,A_ws_gw,8,1,1,400,6063.4,957.2,898.6,1856.0,3026.0,334896,11
A,A_ws_gw,8,1,1,400,18226.8,989.6,575.1,2322.2,5850.3,356156,11
B,B_ws_mw,4,0,1,160,2166.2,162.2,110.3,371.0,773.7,148352,6
B,B_ws_mw,4,0,1,160,3688.8,204.0,135.6,455.3,1112.8,160512,6
B,B_ws_mw,4,0,1,160,2140.8,166.9,112.1,375.6,859.0,154348,6
B,B_ws_mw,4,1,1,160,4868.8,151.1,104.6,334.8,739.1,159784,7
B,B_ws_mw,4,1,1,160,2592.2,160.9,113.5,361.4,737.8,151944,7
B,B_ws_mw,4,1,1,160,2940.8,165.4,121.0,363.1,742.7,155920,7
B,B_ws_mw,4,2,1,160,5055.8,197.8,134.2,444.0,975.7,161236,8
B,B_ws_mw,4,2,1,160,2589.4,174.1,128.4,379.7,749.2,155344,8
B,B_ws_mw,4,2,1,160,1862.3,169.2,122.0,376.8,745.0,147336,8
B,B_ws_cw,4,1,1,160,3258.7,166.8,119.0,365.9,773.3,153508,7
B,B_ws_cw,4,1,1,160,1989.3,176.6,125.0,395.4,813.2,141812,7
B,B_ws_cw,4,1,1,160,5040.9,194.5,134.0,434.2,980.1,158260,7
B,B_ws_cw,4,1,2,160,2156.0,146.3,106.1,321.8,628.4,154424,8
B,B_ws_cw,4,1,2,160,3263.7,158.7,112.3,352.2,718.4,153604,8
B,B_ws_cw,4,1,2,160,6826.2,194.6,131.1,429.5,999.6,160496,8
B,B_ws_cw,4,1,4,160,2908.3,161.3,115.5,357.8,720.9,153564,10
B,B_ws_cw,4,1,4,160,2153.4,157.8,115.2,347.5,677.9,148888,10
B,B_ws_cw,4,1,4,160,3123.8,161.2,113.7,359.5,730.9,146328,10
C,C_mixed_gw,2,1,1,32,1592.9,,,,,,
C,C_mixed_gw,2,1,1,32,1576.1,,,,,,
C,C_mixed_gw,3,1,1,32,1575.7,,,,,,
C,C_mixed_gw,3,1,1,32,4147.2,,,,,,
C,C_mixed_gw,4,1,1,32,4159.0,,,,,,
C,C_mixed_gw,4,1,1,32,4192.9,,,,,,
C,C_mixed_gw,6,1,1,32,4292.2,,,,,,
C,C_mixed_gw,6,1,1,32,4292.8,,,,,,
C,C_mixed_gw,8,1,1,32,4000.3,,,,,,
C,C_mixed_gw,8,1,1,32,1623.1,,,,,,
C,C_mixed_gw,2,1,1,160,1552.5,,,,,,
C,C_mixed_gw,2,1,1,160,3703.7,,,,,,
C,C_mixed_gw,3,1,1,160,3899.8,,,,,,
C,C_mixed_gw,3,1,1,160,3969.4,,,,,,
C,C_mixed_gw,4,1,1,160,4018.2,,,,,,
C,C_mixed_gw,4,1,1,160,2094.0,,,,,,
C,C_mixed_gw,6,1,1,160,1513.1,,,,,,
C,C_mixed_gw,6,1,1,160,1583.0,,,,,,
C,C_mixed_gw,8,1,1,160,3626.4,,,,,,
C,C_mixed_gw,8,1,1,160,3520.5,,,,,,
C,C_mixed_gw,2,1,1,400,1601.2,,,,,,
C,C_mixed_gw,2,1,1,400,1327.6,,,,,,
C,C_mixed_gw,3,1,1,400,1207.5,,,,,,
C,C_mixed_gw,3,1,1,400,1219.3,,,,,,
C,C_mixed_gw,4,1,1,400,3221.2,,,,,,
C,C_mixed_gw,4,1,1,400,3392.7,,,,,,
C,C_mixed_gw,6,1,1,400,3726.9,,,,,,
C,C_mixed_gw,6,1,1,400,3709.3,,,,,,
C,C_mixed_gw,8,1,1,400,3318.7,,,,,,
C,C_mixed_gw,8,1,1,400,1382.0,,,,,,
